Date,VaR,PL
2020-12-23,-6.113966953165856,3.2495727539062336
2020-12-28,-6.246451335923348,0.27545547485352506
2020-12-29,-5.883429004816263,-0.8005714416503904
2020-12-30,-5.591227605441166,-0.36099243164061906
2021-01-04,-5.283771820333982,-2.813411712646486
2021-01-05,-5.40274986957024,-1.5464553833007695
2021-01-06,-5.109500913443091,0.23889160156248304
2021-01-07,-4.774994004607908,0.4988555908203239
2021-01-08,-5.077113399610233,-1.5167312622070193
2021-01-11,-4.796654097131017,-1.8946418762207093
2021-01-12,-4.753535031296824,0.9576644897460944
2021-01-13,-4.621345110901568,-1.1566925048827748
2021-01-14,-4.5046424339972155,5.116287231445279
2021-01-15,-5.602123401761996,-0.3411750793456719
2021-01-18,-5.220993420283339,-0.37796401977538746
2021-01-19,-5.0929247205653025,0.16973876953127331
2021-01-20,-4.987471846082253,4.936096191406241
2021-01-21,-5.646526394652801,3.212215423583997
2021-01-22,-5.908198179391343,1.934719085693363
2021-01-25,-5.858643321830409,-4.9241867065429545
2021-01-26,-6.175924856298948,4.206039428710945
2021-01-27,-6.227647369663486,-2.4946212768554297
2021-01-28,-5.777633768564285,-0.7112808227539122
2021-01-29,-5.825711492976488,-2.566120147705075
2021-02-01,-5.5547647106820905,-0.1745262145995852
2021-02-02,-5.2041151348716586,4.943119049072246
2021-02-03,-5.73336607759682,2.6086082458495943
2021-02-04,-5.773704828762132,-1.5294227600097474
2021-02-05,-5.7012548403781205,-2.1481628417968794
2021-02-08,-5.406681761444719,0.8119087219238502
2021-02-09,-5.238398833842355,0.2094764709472609
2021-02-10,-5.054703495642555,-1.3420829772949192
2021-02-11,-4.935665579350028,2.1464538574218746
2021-02-12,-4.9545249046141535,-2.281311035156244
2021-02-15,-4.766607290767422,1.0382347106933465
2021-02-16,-4.6919506746056685,0.7377471923828323
2021-02-17,-4.6113577870561695,-1.2037277221679765
2021-02-18,-4.424636720222546,4.942859649658204
2021-02-19,-5.186363547746834,1.4930572509765665
2021-02-22,-5.069248881587173,1.9956436157226813
2021-02-23,-5.0642768927217965,-3.4546813964843808
2021-02-24,-5.131171739765844,1.907859802246105
2021-02-25,-5.084742914576255,-0.16101455688475474
2021-02-26,-4.982626783737933,1.2489852905273393
2021-03-01,-4.951412112941503,2.251560211181648
2021-03-02,-4.996983710374184,1.0265808105468774
2021-03-03,-4.798056901154724,7.992015838623025
2021-03-04,-6.390458561924691,2.678737640380878
2021-03-05,-6.143236303467459,2.3431320190429674
2021-03-08,-6.284324804310746,4.425140380859347
2021-03-09,-6.674706232282024,-2.3036193847656095
2021-03-10,-6.416987849377756,3.755744934082019
2021-03-11,-6.45388867202054,-4.672119140624996
2021-03-12,-6.626669139648911,-1.9498023986816357
2021-03-15,-6.3137727524136285,3.1751670837402406
2021-03-16,-6.4902401250945445,10.434528350830085
2021-03-17,-8.087231514680925,18.48615264892579
2021-03-18,-11.522384754074691,-4.495731353759751
2021-03-19,-11.744415954505573,-3.745872497558583
2021-03-22,-10.63766004015744,12.04338836669923
2021-03-23,-11.92919446713495,-8.153266906738256
2021-03-24,-12.353240404321099,-5.489192962646468
2021-03-25,-10.658805963181905,6.378505706787095
2021-03-26,-11.736319819463356,0.41009140014649714
2021-03-29,-11.832559104294697,2.480823516845705
2021-03-30,-9.796031039199615,9.347160339355483
2021-03-31,-10.78688651981954,-1.502311706542956
2021-04-01,-11.229153029813489,1.7913131713867179
2021-04-06,-10.748976872425866,4.172355651855458
2021-04-07,-9.840217057850356,-4.291572570800763
2021-04-08,-9.531388034417368,-1.6712188720702938
2021-04-09,-9.753863208177087,-1.2860488891601407
2021-04-12,-9.65451849920866,-0.3193359374999818
2021-04-13,-9.212780280782404,-2.452178955078106
2021-04-14,-8.833378517747844,0.21689605712890292
2021-04-15,-8.628331785956043,2.8663024902343843
2021-04-16,-8.403775352147411,5.058708190917969
2021-04-19,-8.649779448887976,-3.663406372070309
2021-04-20,-8.224527690702569,-5.064392089843742
2021-04-21,-8.261171918347515,-4.3632164001464915
2021-04-22,-7.950206508164973,2.4318046569824174
2021-04-23,-7.880238747089907,-0.9006500244140488
2021-04-26,-7.536715542526864,-0.9607009887695088
2021-04-27,-7.198829543168994,-1.109909057617156
2021-04-28,-7.284723357832488,-1.7845535278320144
2021-04-29,-6.764770432030097,-5.9093017578124725
2021-04-30,-6.788651361361527,-0.6533508300781192
2021-05-03,-6.662391982698299,3.153583526611313
2021-05-04,-6.8541198574999065,-8.33699798583985
2021-05-05,-7.225370634083888,5.698673248291002
2021-05-06,-7.82224760955079,-3.2911186218261506
2021-05-07,-7.550795605628368,-0.8752403259277366
2021-05-10,-7.192234144326421,1.8925399780273247
2021-05-11,-7.03047958923507,-2.7140083312988303
2021-05-12,-6.805444611467367,-1.8656768798827825
2021-05-13,-6.645201158082727,-0.5265388488769445
2021-05-14,-6.4402283266851645,4.748413085937502
2021-05-17,-6.816741027025892,1.9318542480468945
2021-05-18,-6.663490363288905,1.6106491088867236
2021-05-19,-6.5349000681878495,-3.108718872070301
2021-05-20,-6.357357266049587,3.365119934082034
2021-05-21,-6.626941472015227,0.7243804931640656
2021-05-25,-6.539792873818565,2.7096099853515687
2021-05-26,-6.688682225715989,1.3222732543945153
2021-05-27,-6.455423315187621,3.8414459228515563
2021-05-28,-6.6484303852217534,0.15531921386719294
2021-05-31,-6.360702608860056,1.0582275390625142
2021-06-01,-6.582112953891506,6.274627685546873
2021-06-02,-7.104138887075086,4.238533020019522
2021-06-03,-7.526555439280463,3.0541992187499885
2021-06-04,-7.140527259714884,-0.2059631347656316
2021-06-07,-7.140327197400655,0.3678131103515536
2021-06-08,-7.134190504872447,-3.6631774902343626
2021-06-09,-7.425430752127686,-2.3458099365234113
2021-06-10,-6.512294866472369,-1.9509811401366886
2021-06-11,-6.8008385188331655,3.538879394531234
2021-06-14,-7.014108422995948,-2.0219039916992
2021-06-15,-6.4376415701092835,-3.4776763916015656
2021-06-16,-6.918558597772211,-2.0601654052734233
2021-06-17,-5.97835963610773,0.5040130615234264
2021-06-18,-5.911920229031594,-5.437675476074209
2021-06-21,-6.886589323018696,6.9798736572265625
2021-06-22,-6.97277168820356,-2.2148208618163987
2021-06-23,-7.006729824121643,-4.733314514160146
2021-06-24,-7.074353944229923,1.467231750488268
2021-06-25,-6.890706851464041,-1.9665374755859304
2021-06-28,-6.622749848713382,-2.8968887329101505
2021-06-29,-6.033797194254306,2.153137207031243
2021-06-30,-6.479525265617077,-4.67928314208984
2021-07-01,-6.398547373752974,0.37639617919922835
2021-07-02,-6.012834802145043,0.31715393066407266
2021-07-05,-6.126277201003792,-0.6246719360351509
2021-07-06,-5.7209847367674085,-7.8584365844726465
2021-07-07,-7.926458547212698,2.2990036010742188
2021-07-08,-6.419918310843335,-5.102500915527337
2021-07-09,-6.912861804329642,10.085922241210932
2021-07-12,-8.046861037312706,4.591262817382822
2021-07-13,-8.20189081173593,-2.3415603637695397
2021-07-14,-7.849468649700234,0.12380981445312333
2021-07-15,-7.575960958976692,-3.967269897460942
2021-07-16,-6.726374716122295,-3.1006240844726385
2021-07-19,-6.932461299849108,-6.1726341247558345
2021-07-20,-7.2764256317814695,1.7162170410156365
2021-07-21,-6.371005810830837,4.992862701416023
2021-07-22,-6.901813577011927,-1.1277694702148418
2021-07-23,-6.300257753037365,4.441619873046858
2021-07-26,-6.875218512805576,-1.1435394287109328
2021-07-27,-6.26315519619,-4.155426025390621
2021-07-28,-6.570879193408014,0.8286209106445537
2021-07-29,-6.511873353862384,3.081275939941405
2021-07-30,-6.478617701281562,-1.9324493408203005
2021-08-02,-6.002219290955206,0.9454421997070338
2021-08-03,-5.886044902438797,-3.7807121276855478
2021-08-04,-6.242602204030798,0.14917373657226218
2021-08-05,-6.3656334267480785,0.8326873779296876
2021-08-06,-5.975793508993043,1.3632698059082191
2021-08-09,-5.924857083937764,-1.2695503234863255
2021-08-10,-5.887049957408984,0.1400985717773638
2021-08-11,-5.665848853145439,0.23788833618164723
2021-08-12,-5.449994145596718,3.0270843505859553
2021-08-13,-5.573602297114554,-0.7339859008789075
2021-08-16,-5.494585510033623,-4.403785705566395
2021-08-17,-5.510047277925005,-2.636894226074235
2021-08-18,-5.412736095725467,-1.5427894592285145
2021-08-19,-5.2149973413757005,-4.290985107421863
2021-08-20,-5.413255812826777,-1.649543762207052
2021-08-23,-5.150386301555362,0.9696121215820523
2021-08-24,-5.095145876137152,4.021461486816406
2021-08-25,-5.382954838384791,0.2981796264648352
2021-08-26,-5.294378331477249,0.15182495117187225
2021-08-27,-5.469886861359697,0.7545700073242225
2021-08-30,-4.942048054373099,0.7541160583496173
2021-08-31,-4.852539620711647,1.2080078125000024
2021-09-01,-4.650789620073322,-0.8536148071288918
2021-09-02,-5.192476803924101,1.0493392944335949
2021-09-03,-4.5189628644573,-0.542621612548814
2021-09-06,-4.333833591111343,0.5091705322265561
2021-09-07,-4.381486053535214,-0.6789627075195315
2021-09-08,-4.259281993777753,-5.628929138183584
2021-09-09,-4.961649922069604,1.644462585449229
2021-09-10,-5.309684443590986,-0.2951812744140505
2021-09-13,-4.727370111527528,2.6758651733398606
2021-09-14,-4.96712711821212,0.7011909484863316
2021-09-15,-4.724985811302032,0.3503417968749966
2021-09-16,-4.616527538315558,-2.784484863281252
2021-09-17,-4.608200844173571,-3.8003578186035227
2021-09-20,-4.704438577237578,-7.625011444091806
2021-09-21,-5.549026822080431,2.2384452819824614
2021-09-22,-6.317685913228274,4.527854919433587
2021-09-23,-5.854618075323987,1.3527679443359428
2021-09-24,-5.761349165492347,0.23640823364254626
2021-09-27,-5.472819402746162,2.133842468261738
2021-09-28,-5.53042043080455,-0.8832702636718681
2021-09-29,-5.234053061147333,5.343593597412116
2021-09-30,-5.94154593124656,-2.8907089233398313
2021-10-01,-5.700206756866215,0.8452758789062436
2021-10-04,-5.532451553731832,-2.1857795715331845
2021-10-05,-5.437780134549627,0.9074897766113237
2021-10-06,-5.341220439495805,-5.087551116943333
2021-10-07,-5.4265024922661445,3.9920959472656286
2021-10-08,-6.063026468463343,0.5986366271972858
2021-10-11,-5.390241198464891,1.9870376586914023
2021-10-12,-5.4934817278504156,-1.7278213500976485
2021-10-13,-5.290348883167913,2.8807601928710938
2021-10-14,-5.500508040292416,2.14026641845703
2021-10-15,-5.540376230254278,2.6322250366211
2021-10-18,-5.546214069888543,-5.076606750488286
2021-10-19,-5.660589112909243,-2.2388839721679594
2021-10-20,-5.491190889095349,-2.700698852539055
2021-10-21,-5.5464407635169515,2.9534301757812633
2021-10-22,-5.6152315708291685,3.9441375732421813
2021-10-25,-5.768451342719278,7.44709014892579
2021-10-26,-8.055171494868741,1.233795166015616
2021-10-27,-6.589342832334928,-1.350624084472662
2021-10-28,-5.998909976081024,-6.937538146972661
2021-10-29,-6.59490341682798,-0.7093048095702993
2021-11-01,-6.359021882259457,1.3496551513671882
2021-11-02,-6.000725400060829,-0.5286331176757757
2021-11-03,-5.923063816576084,-4.14426422119139
2021-11-04,-6.375664536477603,1.459899902343756
2021-11-05,-6.178860633733645,4.772056579589828
2021-11-08,-6.41412404510427,-4.114723205566385
2021-11-09,-6.449325447766407,-1.5155487060547022
2021-11-10,-6.247202477003979,0.7627944946289358
2021-11-11,-6.014988707795293,0.5153427124023171
2021-11-12,-5.786594884364766,2.0309219360351887
2021-11-15,-5.449360644315591,0.602569580078129
2021-11-16,-5.592833576372266,-0.11435699462889162
2021-11-17,-5.387949953241873,-0.6881179809570045
2021-11-18,-5.253448474225936,-0.663467407226553
2021-11-19,-5.090026992825329,-3.8501739501953125
2021-11-22,-5.203570295457093,0.2996292114257827
2021-11-23,-5.104198265619192,-1.5521469116210573
2021-11-24,-4.991355506974403,-4.7354431152343635
2021-11-25,-5.007790561404646,-1.0540847778320124
2021-11-26,-4.97902585258067,-9.851333618164048
2021-11-29,-6.101005381633133,0.5889587402343675
2021-11-30,-5.849275337912428,-2.4974594116211035
2021-12-01,-5.394826810959953,6.808830261230494
2021-12-02,-6.261879476116196,-0.938514709472642
2021-12-03,-5.783947952813264,-1.529113769531243
2021-12-06,-5.745691866831826,3.9866638183593768
2021-12-07,-5.861061139684878,9.689491271972663
2021-12-08,-8.041104305402117,1.6390838623046784
2021-12-09,-7.932003095142809,-1.9488754272461009
2021-12-10,-7.322102379578956,-1.8128128051757864
2021-12-13,-6.976416742070779,1.4603271484375162
2021-12-14,-6.802510717735433,-1.58096313476561
2021-12-15,-6.638184269342165,-1.6023483276367194
2021-12-16,-6.3888375445493635,3.210556030273425
2021-12-17,-6.471278792647035,-6.432151794433608
2021-12-20,-6.035562586887071,-3.723358154296864
2021-12-21,-6.729718708345467,2.574722290039068
2021-12-22,-6.569272302152809,1.1247711181640705
2021-12-23,-5.325613139576946,2.3259582519531294
2021-12-27,-6.247953525327629,1.637153625488272
2021-12-28,-6.238053145888577,0.5681381225585929
2021-12-29,-5.76312592916314,-1.9845962524413943
2021-12-30,-5.381041115767957,-0.3588256835937649
2022-01-03,-5.073005514758626,4.361991882324224
2022-01-04,-5.475627005182896,6.262458801269528
2022-01-05,-6.411061703525366,4.2187500000000195
2022-01-06,-6.403223993589737,-1.2676849365234562
2022-01-07,-6.243106085355187,-1.370964050292947
2022-01-10,-5.973212930485997,1.2377548217773444
2022-01-11,-5.835612860217703,1.0362701416015556
2022-01-12,-5.654952366116025,-0.47580718994139476
2022-01-13,-5.483625518217066,2.348510742187483
2022-01-14,-5.342784251603157,2.2334442138671977
2022-01-17,-5.385964160144504,-0.5723953247070289
2022-01-18,-5.256619927644335,-1.4190673828124998
2022-01-19,-4.917271447485243,-0.0487823486327984
2022-01-20,-4.963546075454219,-1.43427276611328
2022-01-21,-4.772521432533554,-3.0153808593750058
2022-01-24,-4.915021473931885,-10.43917083740234
2022-01-25,-6.52650748223248,1.6061019897460926
2022-01-26,-6.348777757185152,4.7371520996093786
2022-01-27,-6.773548817660642,2.005516052246107
2022-01-28,-6.5244400493689705,-2.9778976440429616
2022-01-31,-6.257915987567887,0.2363739013672204
2022-02-01,-6.1109357148286385,2.3439102172851767
2022-02-02,-6.015179062675209,-1.073310852050798
2022-02-03,-5.87017282124079,-1.6920852661132777
2022-02-04,-5.416813619495086,-6.8291931152343865
2022-02-07,-6.021394779112704,0.021232604980486125
2022-02-08,-5.787386164281494,0.3810195922851562
2022-02-09,-5.63493936273998,9.736328125
2022-02-10,-7.164901212816354,-0.41542053222655495
2022-02-11,-6.672876723249315,2.8328018188476634
2022-02-14,-7.084136625602363,-5.989471435546844
2022-02-15,-6.968938799711446,5.416252136230474
2022-02-16,-7.235716691572191,-2.1104507446289023
2022-02-17,-6.960859543885308,0.13800811767578147
2022-02-18,-6.996503022480921,-3.0222396850585382
2022-02-21,-6.367440493252751,-5.739799499511719
2022-02-22,-6.470523620111157,8.002647399902349
2022-02-23,-7.7665541922945485,-0.5397491455077891
2022-02-24,-7.09040129802326,-12.311744689941422
2022-02-25,-8.30104135036453,8.396385192871117
2022-02-28,-9.039286203804455,-5.916053771972648
2022-03-01,-8.754785547953007,-12.053043365478516
2022-03-02,-8.823443849973021,-4.430118560791003
2022-03-03,-9.683242652180324,-5.392784118652335
2022-03-04,-8.81593143697896,-10.53356552124023
2022-03-07,-9.017989824298635,-7.08961486816407
2022-03-08,-8.844372968131145,-0.18760299682616094
2022-03-09,-8.354313381906007,13.486064910888691
2022-03-10,-10.420495756638404,-7.525321960449217
2022-03-11,-10.250343933200913,0.26869964599609547
2022-03-14,-9.178025223956514,5.691020965576153
2022-03-15,-9.967459991733577,1.340305328369165
2022-03-16,-9.524674228762585,5.41574859619141
2022-03-17,-9.824223523772934,-1.4427146911620867
2022-03-18,-9.43930444944255,-1.6044197082519722
2022-03-21,-8.787672991477992,1.0731887817383048
2022-03-22,-8.531347085787196,2.057224273681633
2022-03-23,-8.45401074323572,-2.154682159423818
2022-03-24,-7.871060734363659,-0.2875099182128483
2022-03-25,-7.591004256070542,-0.971233367919932
2022-03-28,-7.398300822079516,0.6370010375976786
2022-03-29,-7.038838747743593,8.461723327636694
2022-03-30,-8.067038757210206,-2.0907287597656135
2022-03-31,-7.524597623515957,-2.6283340454101456
2022-04-01,-6.248892383156859,0.6884460449218648
2022-04-04,-6.417358117527215,1.4283561706543053
2022-04-05,-6.921018207524244,-2.6096305847167747
2022-04-06,-6.600107295299618,-4.457771301269524
2022-04-07,-6.414842839162642,-2.0377616882324214
2022-04-08,-6.2206874490652,3.153560638427732
2022-04-11,-6.137049110295334,-1.6694564819335724
2022-04-12,-5.936366092821488,-0.30575561523439804
2022-04-13,-5.516145679931006,0.18836212158206048
2022-04-14,-4.970909640743625,-1.4709739685058603
2022-04-19,-5.256362157730998,4.012115478515623
2022-04-20,-5.467232835255612,2.287334442138665
2022-04-21,-5.446540431905514,1.0810012817382888
2022-04-22,-5.305669767413006,-2.7684249877929714
2022-04-25,-5.203817513417329,-3.6442565917968563
2022-04-26,-5.072898006008543,-3.2386360168456845
2022-04-27,-5.028546783841643,0.0
2022-04-28,-4.869778645456185,2.383827209472649
2022-04-29,-5.0019192355899325,1.598033905029291
2022-05-02,-4.911515090236073,-1.7995986938476562
2022-05-03,-4.8102056903760015,3.755203247070302
2022-05-04,-5.013770173970613,-1.4976882934570048
2022-05-05,-4.628631753667241,-1.9853744506835898
2022-05-06,-4.562707403207176,-0.8700790405273291
2022-05-09,-4.5508193887037045,-2.383518218994139
2022-05-10,-4.493508179154241,0.5042915344238337
2022-05-11,-4.266916723892775,5.670379638671887
2022-05-12,-5.161173292587295,-0.7313117980957242
2022-05-13,-4.875242762904815,3.6975479125976634
2022-05-16,-5.256952451337287,1.923339843749991
2022-05-17,-5.129980070449578,1.6106185913085964
2022-05-18,-5.0720639792135405,-0.4523544311523511
2022-05-19,-5.0988444691865995,-0.6069259643554308
2022-05-20,-4.856572444499382,-0.07094192504882885
2022-05-23,-4.697298725300059,2.137874603271482
2022-05-24,-4.708728469224986,-2.024703979492168
2022-05-25,-4.5326867158365225,1.626358032226539
2022-05-26,-4.677100446250236,4.499908447265628
2022-05-27,-5.017294165420429,0.6255264282226496
2022-05-30,-4.826881103285881,1.1954574584961013
2022-05-31,-4.955897875964658,0.8133163452148569
2022-06-01,-4.6837375132531145,3.568298339843719
2022-06-02,-4.885096767694785,0.8062362670898465
2022-06-03,-4.824681441043591,-1.5846786499023187
2022-06-06,-4.710919651253703,2.3637390136718652
2022-06-07,-4.832631583549107,-1.4685058593749818
2022-06-08,-4.496670325741941,2.23665618896484
2022-06-09,-4.597140363107907,-2.4987487792968652
2022-06-10,-4.5393696082482915,-5.165168762207017
2022-06-13,-4.948455867353419,-7.050895690917951
2022-06-14,-5.517985196604399,-1.005344390869137
2022-06-15,-5.230587924269689,3.6047554016113366
2022-06-16,-5.57331556933591,-4.9287681579589835
2022-06-17,-5.614873710262981,-0.42181015014647966
2022-06-20,-5.2741179329747325,2.4095916748046715
2022-06-21,-5.4431642129600695,2.636695861816417
2022-06-22,-5.314381933323632,-2.680793762206986
2022-06-23,-5.192537988490758,-6.395782470703132
2022-06-24,-5.5902282485266985,0.11633682250974474
2022-06-27,-5.3434015905230305,0.4419975280761916
2022-06-28,-5.245172512970527,1.9659271240234637
2022-06-29,-5.09039705449521,-6.034290313720698
2022-06-30,-5.451792688667426,-5.765830993652343
2022-07-01,-5.550766350756493,0.2887420654296844
2022-07-04,-5.2377013766608185,-1.1323356628417978
2022-07-05,-5.412514125005808,-5.371387481689448
2022-07-06,-5.170833669324985,-0.21824264526366477
2022-07-07,-5.08129553296058,7.200408935546866
2022-07-08,-6.142013227828098,6.250240325927736
2022-07-11,-6.962817204326982,-4.75791549682617
2022-07-12,-6.771162102375689,0.2363128662109523
2022-07-13,-6.332670252008705,-2.679813385009772
2022-07-14,-6.082087319928885,-1.6154632568359237
2022-07-15,-5.908417701145578,6.5163764953613175
2022-07-18,-6.546823832823829,3.310111999511723
2022-07-19,-6.529038681486077,5.409706115722646
2022-07-20,-6.91791159004531,-1.6060943603515534
2022-07-21,-6.547385762660133,-3.12638854980469
2022-07-22,-6.4329342951994155,-0.9113273620605298
2022-07-25,-6.172754074611964,-0.45129013061522893
2022-07-26,-6.032014874309367,-3.099205017089826
2022-07-27,-5.70879547434424,0.6758232116698938
2022-07-28,-5.642555218107939,4.859462738037114
2022-07-29,-5.9542104957633875,2.0461349487304448
2022-08-01,-5.9647403073415655,1.2550125122070315
2022-08-02,-5.759110576747697,2.9954757690429856
2022-08-03,-5.891012415064958,-1.6563224792480304
2022-08-04,-6.339477432133409,-0.8586425781249986
2022-08-05,-6.13581000339031,0.16875457763673266
2022-08-08,-5.885551921664394,2.797649383544898
2022-08-09,-5.648118575403093,-2.8055381774901997
2022-08-10,-5.258233321885695,2.8678627014160236
2022-08-11,-5.550341693865658,0.4783782958984356
2022-08-12,-5.489850635638136,1.6508102416992259
2022-08-15,-5.343633839026111,0.8274917602539096
2022-08-16,-5.2532885171177215,1.333580017089833
2022-08-17,-5.225703601954633,-4.116020202636707
2022-08-18,-5.203209137811897,1.8285064697265667
2022-08-19,-5.21043208761134,-3.9089927673339777
2022-08-22,-5.238050452924266,-6.7177162170410085
2022-08-23,-5.385213854219937,3.0422096252441473
2022-08-24,-5.701483394058643,-0.7438163757324183
2022-08-25,-5.372200678163626,0.61923599243165
2022-08-26,-5.224894395249052,-1.7649383544922022
2022-08-29,-5.096423905332248,1.4748916625976602
2022-08-30,-5.108079427087349,2.5406112670898344
2022-08-31,-5.157200892143899,-2.893272399902328
2022-09-01,-5.134117697695232,-2.294929504394523
2022-09-02,-4.9652541954699725,8.385437011718757
2022-09-05,-6.565460254715845,-5.993381500244128
2022-09-06,-6.4830411160079375,4.010456085205074
2022-09-07,-6.788435717805198,0.9597587585449199
2022-09-08,-6.354291868033072,-2.729293823242184
2022-09-09,-6.268371332054793,1.0588340759277441
2022-09-12,-6.072343325565031,5.358203887939452
2022-09-13,-6.53671879932971,-3.0372428894042693
2022-09-14,-6.401555239051316,0.953037261962889
2022-09-15,-6.223321225292809,-0.6981239318847373
2022-09-16,-5.881076096833751,-2.907707214355472
2022-09-19,-5.88996601777907,2.149005889892581
2022-09-20,-5.665852228689491,-0.5882644653320243
2022-09-21,-5.308552301482682,0.8710632324218704
2022-09-22,-5.326041831300046,-1.2924079895019682
2022-09-23,-5.139422652878518,-7.301532745361292
2022-09-26,-5.946408429916992,-0.7060890197754018
2022-09-27,-5.62591088740522,-1.3580169677734386
2022-09-28,-5.510058152589276,0.6580200195312813
2022-09-29,-5.262375983958345,-8.578433990478528
2022-09-30,-6.1327276121997265,-0.7236328125000016
2022-10-03,-5.936916723021466,0.6371307373046932
2022-10-04,-5.7398482747405115,5.151275634765611
2022-10-05,-6.0483894493081065,-2.331760406494128
2022-10-06,-5.891335767782129,2.329990386962905
2022-10-07,-5.788803409850722,-1.6818885803222583
2022-10-10,-5.618389791544059,-3.773334503173828
2022-10-11,-5.83525187489338,-0.5180511474609328
2022-10-12,-5.596322586095611,0.49758529663086204
2022-10-13,-5.3783061348010275,1.6316947937011799
2022-10-14,-5.30825045987036,0.7256546020507818
2022-10-17,-5.117461499669972,3.6759643554687456
2022-10-18,-5.253755646120739,2.718502044677736
2022-10-19,-5.354843932380049,-0.34237289428708406
2022-10-20,-5.2361317912043575,-0.09314727783205579
2022-10-21,-5.065647075589211,-0.24914169311523704
2022-10-24,-4.865338169201662,0.7983512878418222
2022-10-25,-4.6310677873361525,0.92248535156252
2022-10-26,-4.755626141493914,0.6025924682617034
2022-10-27,-4.5625079570197675,0.17539978027344036
2022-10-28,-4.429217340249934,-1.7180023193359342
2022-10-31,-4.194780749294417,0.7315902709960909
2022-11-01,-4.358182571801448,2.61357879638673
2022-11-02,-4.411447284616446,-0.8530654907226617
2022-11-03,-4.427675025803236,-5.234165191650386
2022-11-04,-4.871996675036317,6.303615570068395
2022-11-07,-5.451048496271577,3.2925033569335973
2022-11-08,-5.589876038233351,-0.4585418701171959
2022-11-09,-5.690313678534044,-0.948257446289072
2022-11-10,-5.3779101037282855,4.740287780761731
2022-11-11,-5.832901487303253,3.7022476196288965
2022-11-14,-5.753708145961488,1.178726196289061
2022-11-15,-5.952566075314493,0.09571075439455519
2022-11-16,-5.5291712672463875,-6.3522262573242285
2022-11-17,-5.690802902793049,0.619949340820316
2022-11-18,-5.578698121881233,3.8138198852539062
2022-11-21,-5.824414399598218,-1.9958343505859162
2022-11-22,-5.586997279799386,0.49509429931640936
2022-11-23,-5.438221776348878,-2.092704772949197
2022-11-24,-5.307946378255416,0.1003189086914184
2022-11-25,-5.254915393627324,-0.3469772338867251
2022-11-28,-5.049056503237743,-1.3456115722656037
2022-11-29,-4.972947557371281,2.885734558105447
2022-11-30,-5.106160858174962,2.7162780761718865
2022-12-01,-5.143363697827154,-1.3247909545898473
2022-12-02,-4.858178818971967,-0.1514053344726225
2022-12-05,-4.7259861628857855,1.7589950561523402
2022-12-06,-4.626026952218317,-1.2744979858398393
2022-12-07,-4.780198514731378,-2.0478210449218635
2022-12-08,-4.47402111088411,-2.0125045776367227
2022-12-09,-4.437362228120416,1.7458190917968621
2022-12-12,-4.434973077972393,-0.8690032958984195
2022-12-13,-4.448484263983962,0.8078994750976223
2022-12-14,-4.277691027935326,-0.14563751220700255
2022-12-15,-4.065111582715513,-3.783706665039081
2022-12-16,-4.288996799399986,1.9229736328125082
2022-12-19,-4.5224736770964675,4.4584732055664125
2022-12-20,-4.9145966669545755,-2.4518280029296866
2022-12-21,-4.750966963617365,1.1110916137695237
2022-12-22,-4.687946555486022,-4.658073425292951
2022-12-23,-4.991587337091469,0.7947616577148198
2022-12-27,-5.018062349146399,0.2850646972656261
2022-12-28,-4.634675495465835,-1.0481491088867074
2022-12-29,-4.434388518078156,1.4225387573242265
2022-12-30,-4.516739554619933,-0.14435577392578458
2023-01-02,-4.276000418914669,4.916870117187509
2023-01-03,-4.871491932320629,1.6564407348632888
2023-01-04,-4.7669982046471295,4.773750305175785
2023-01-05,-5.322492158395099,1.8827285766601536
2023-01-06,-5.108840699682625,1.317687988281246
2023-01-09,-5.197633204944275,0.2574462890625138
2023-01-10,-4.991121274740478,-0.15312957763669577
2023-01-11,-4.77750812050039,1.4413909912109282
2023-01-12,-4.963693786953236,1.9450454711913912
2023-01-13,-4.721240163483135,-4.142852783203136
2023-01-16,-4.984403156728027,0.5831604003906439
2023-01-17,-4.686736342924552,-0.2724533081054791
2023-01-18,-4.649877238082582,-0.48519897460935263
2023-01-19,-4.534181932435166,-2.825057983398441
2023-01-20,-4.646504906343274,0.8635559082031098
2023-01-23,-4.202781910184874,2.0115432739258137
2023-01-24,-4.274197977491465,-0.8845062255859328
2023-01-25,-4.1725438754404145,0.24232482910156947
2023-01-26,-4.133825875379767,1.1881256103515747
2023-01-27,-4.077525476001639,0.8724136352539118
2023-01-30,-3.815525259784715,-0.5709533691406445
2023-01-31,-3.8352096787032215,1.9902725219726474
2023-02-01,-4.089854067244298,2.875274658203126
2023-02-02,-4.255029932529489,6.017028808593766
2023-02-03,-5.153534965826138,-1.2715072631835809
2023-02-06,-4.838220573996929,-1.720642089843751
2023-02-07,-4.676221505477494,1.0231246948242054
2023-02-08,-4.5986607272993405,-1.4432830810546728
2023-02-09,-4.523836191259144,2.331718444824207
2023-02-10,-4.634763635865447,-2.732490539550769
2023-02-13,-4.612366953124184,-0.3094558715820295
2023-02-14,-4.596589889384526,1.5772171020507881
2023-02-15,-4.446960301918284,1.8157806396484513
2023-02-16,-4.617121388330565,0.04940032958985271
2023-02-17,-4.418845860523323,0.6138305664062502
2023-02-20,-4.1527625377700295,1.1296539306640796
2023-02-21,-4.177253316816964,-2.10732269287108
2023-02-22,-4.176149663451785,-0.12539672851562206
2023-02-23,-4.289722923094828,1.5700149536132741
2023-02-24,-4.0397958748780605,-5.337532043457009
2023-02-27,-4.9373072151689215,2.042709350585924
2023-02-28,-4.625436959830162,-0.4830093383789032
2023-03-01,-4.60653252246399,0.7760772705078208
2023-03-02,-4.6480087834436,0.1051788330077858
2023-03-03,-4.461615280751461,12.723678588867214
2023-03-06,-8.067656240442247,-2.0521163940429656
2023-03-07,-7.77872037897501,-1.0896301269531112
2023-03-08,-7.495878106705445,0.9848937988281357
2023-03-09,-7.33449226130112,-3.487770080566391
2023-03-10,-7.051129887872321,-2.6844406127929576
2023-03-13,-6.878557851901843,-6.786552429199224
2023-03-14,-6.974005928442839,-0.8735809326171848
2023-03-15,-6.429500600778092,-4.96596527099611
2023-03-16,-6.5238399515396805,0.35612487792969727
2023-03-17,-6.53700530238031,-2.4377288818359304
2023-03-20,-6.052757922327487,0.464225769042986
2023-03-21,-5.950656363337141,3.7994155883789045
2023-03-22,-6.16017265354286,1.2089767456054767
2023-03-23,-5.899827746304027,-0.6283340454101518
2023-03-24,-5.866321528009201,-3.611366271972647
2023-03-27,-5.7279628950585835,2.235321044921878
2023-03-28,-5.7357492656968825,0.9392318725586078
2023-03-29,-5.698493297901038,0.6968765258788863
2023-03-30,-5.5293219452602145,3.1211929321289062
2023-03-31,-5.665728202800351,0.9895553588867234
2023-04-03,-5.595767029208939,0.01302337646485563
2023-04-04,-5.438618420286721,0.12246704101562422
2023-04-05,-5.298986834289176,-2.9189605712890665
2023-04-06,-5.140570078483252,-0.8878250122070159
2023-04-11,-5.1397097212057465,3.541740417480465
2023-04-12,-5.311367258082352,1.4653625488281172
2023-04-13,-5.241801932468703,0.1559295654296925
2023-04-14,-5.065702875135247,2.428466796874991
2023-04-17,-5.179324868385203,-1.0414810180663976
2023-04-18,-5.003340897367813,0.48258209228518456
2023-04-19,-4.963701579850355,-1.1682052612304556
2023-04-20,-4.896984690362601,-6.230270385742186
2023-04-21,-4.883254069527999,0.7360763549804795
2023-04-24,-4.904024895519754,0.5418777465820432
2023-04-25,-4.919080952952881,-0.7872467041016054
2023-04-26,-4.855857120517006,0.025421142578163802
2023-04-27,-4.776505873101004,0.33364868164062234
2023-04-28,-4.712120893207095,2.0158309936523326
2023-05-02,-4.519167410986001,-1.063568115234371
2023-05-03,-4.673785724437618,1.153945922851572
2023-05-04,-4.533933826878099,2.886848449707025
2023-05-05,-4.708725867977106,4.856712341308602
2023-05-08,-4.911036316635854,1.1040039062499958
2023-05-09,-4.788445634074454,-0.7462997436523287
2023-05-10,-4.707315626107296,0.22618103027343667
2023-05-11,-4.658367783172402,1.2291336059570463
2023-05-12,-4.8620207080801,-0.784927368164072
2023-05-15,-5.077882877232297,0.16472625732421337
2023-05-16,-4.870753967782352,-2.3127670288085835
2023-05-17,-4.944648799482764,0.4398498535156462
2023-05-18,-4.875510830852901,5.388893127441415
2023-05-19,-5.148453253767649,0.69947052001951
2023-05-22,-4.9581726379884,0.8674011230469053
2023-05-23,-4.937202564579474,0.9485244750976398
2023-05-24,-4.939947297244416,-3.276496887207011
2023-05-25,-5.073440110084355,-0.8631744384765488
2023-05-26,-5.0419817208521165,2.9068756103515545
2023-05-29,-5.216815036045683,0.3629302978515609
2023-05-30,-5.09187726668452,-1.446182250976542
2023-05-31,-4.93181483203378,-3.9457778930664027
2023-06-01,-5.07948883570011,2.713386535644543
2023-06-02,-5.067140857979701,5.379226684570291
2023-06-05,-5.278546959875252,1.1179809570312749
2023-06-06,-5.380723214452482,1.5340042114257553
2023-06-07,-5.332117589691047,0.4211502075195442
2023-06-08,-5.333421918864833,2.1972427368164062
2023-06-09,-5.2700018781293965,0.5584640502929493
2023-06-12,-5.048162316361237,4.634872436523484
2023-06-13,-5.426184656993105,2.878318786621073
2023-06-14,-5.5196251336036495,1.5315475463867516
2023-06-15,-5.516687668074792,-1.7800674438476338
2023-06-16,-5.249932712696076,-1.6346359252929905
2023-06-19,-5.175907896613513,-1.5279541015624836
2023-06-20,-5.057095295043568,-2.078208923339821
2023-06-21,-5.034250074691615,-1.4733047485351365
2023-06-22,-4.9760593553587995,-2.4856033325195503
2023-06-23,-4.855881437790833,-0.9842605590820281
2023-06-26,-4.800679614349565,0.8837127685547036
2023-06-27,-5.094874805160493,-2.8246078491210564
2023-06-28,-4.951236344463432,2.511276245117175
2023-06-29,-5.048612144630216,1.6438903808593792
2023-06-30,-5.148485790508664,1.7736053466796902
2023-07-03,-4.853644471724608,0.44303131103515325
2023-07-04,-4.986195179844688,-0.5651397705078149
2023-07-05,-4.559334431109919,0.6049957275390524
2023-07-06,-4.418303721759835,-5.874656677246079
2023-07-07,-4.722923580746241,0.08155059814452226
2023-07-10,-4.53717775102269,0.026092529296890044
2023-07-11,-4.450116762978119,-0.2860260009765361
2023-07-12,-4.46643121811204,1.5335998535156181
2023-07-13,-4.460097240914515,-0.06233978271480001
2023-07-14,-4.726435726604431,-0.8565979003906323
2023-07-17,-4.3188519918720125,-0.9188461303711133
2023-07-18,-4.218411401569203,0.8407897949218931
2023-07-19,-4.567919580009579,0.99185943603517
2023-07-20,-4.713668835399393,0.6891937255859168
2023-07-21,-4.265424705770883,0.6569747924804811
2023-07-24,-4.0809383585611805,1.5014419555664136
2023-07-25,-4.200464927020573,-0.43852233886714775
2023-07-26,-4.18710195307851,-2.670455932617199
2023-07-27,-4.079316076025992,0.2975082397460844
2023-07-28,-4.50226911800091,1.4570922851562829
2023-07-31,-4.69913240516154,-1.0000762939453094
2023-08-01,-4.311482305571446,-5.828948974609343
2023-08-02,-5.243215510055756,-0.4762115478515719
2023-08-03,-3.996167057668894,-2.22803497314451
2023-08-04,-4.0993523421136375,0.757202148437478
2023-08-07,-3.888837017825286,-0.5294189453124966
2023-08-08,-4.197501931793325,-3.328552246093727
2023-08-09,-4.009293966037517,-0.04754638671874184
2023-08-10,-4.073558549444369,1.1767120361327976
2023-08-11,-4.048352755063861,-2.296646118164049
2023-08-14,-4.059932254564064,0.011512756347671307
2023-08-15,-4.045162043992533,-1.8018341064452983
2023-08-16,-3.9461585098608616,-0.06398773193361107
2023-08-17,-3.9664404384946215,-0.936820983886732
2023-08-18,-3.8084921724618503,-0.9677124023437171
2023-08-21,-3.8024119550569013,0.8324584960937358
2023-08-22,-3.7685085382362855,0.42835235595704857
2023-08-23,-3.5318588736159766,-1.7248077392578334
2023-08-24,-3.3442554452088573,-2.8280029296874902
2023-08-25,-3.183762969118159,-0.3106536865234185
2023-08-28,-3.101622271439641,0.7919998168945303
2023-08-29,-3.6595736882501018,1.5698471069335929
2023-08-30,-3.279865152258516,-0.5462417602539014
2023-08-31,-3.1741367150155733,-0.41019439697263527
2023-09-01,-3.622489753971231,-6.749618530273442
2023-09-04,-4.396156648256174,0.2328186035156226
2023-09-05,-3.949820791056377,1.9878158569336002
2023-09-06,-4.023891346668753,-1.0559387207031157
2023-09-07,-4.002244285383203,-2.644691467285142
2023-09-08,-3.7560489226247276,1.6552886962890767
2023-09-11,-3.992217292034646,1.6808624267578236
2023-09-12,-3.80002509309505,0.8961410522460882
2023-09-13,-3.942483330211959,0.6953735351562167
2023-09-14,-3.8031571064491265,-1.6332092285155935
2023-09-15,-3.4362329172088297,2.427276611328117
2023-09-18,-3.8036637077081914,-2.7002487182616965
2023-09-19,-3.7905673510104374,2.782211303710907
2023-09-20,-3.8955940401499114,4.110176086425768
2023-09-21,-4.073544035161876,-0.8704681396484133
2023-09-22,-4.120590031515526,2.312149047851567
2023-09-25,-4.165697217629864,-2.845664978027351
2023-09-26,-4.069153801011411,-3.8080520629882715
2023-09-27,-4.2239464930192545,-0.4307250976562449
2023-09-28,-3.9685895021675415,0.22647094726562617
2023-09-29,-3.8309997714607404,-0.531776428222636
2023-10-02,-3.900106312899304,-0.13557434082029673
2023-10-03,-3.684126469232296,-2.4261322021484264
2023-10-04,-3.7778218173360685,0.4885330200195122
2023-10-05,-3.675404016521927,-1.9116210937499922
2023-10-06,-3.7310562999459203,1.5117111206054716
2023-10-09,-3.726407404896311,-1.8669509887695095
2023-10-10,-3.658456910818656,4.646995544433576
2023-10-11,-3.98815681280216,1.8822479248046644
2023-10-12,-3.935303402980849,-0.6263504028320153
2023-10-13,-4.001363493067619,-1.4232940673828056
2023-10-16,-3.8297878198067745,1.6019821166992116
2023-10-17,-3.8024495338554662,-0.42630004882810946
2023-10-18,-3.8034488129621784,-1.0937271118163925
2023-10-19,-3.795386284986663,-4.336326599121078
2023-10-20,-3.8691984642142354,-3.4380416870117227
2023-10-23,-3.722787094217495,-1.0043869018554734
2023-10-24,-3.7617238936737243,-1.1139602661132817
2023-10-25,-3.6077340971023215,-1.8600692749023502
2023-10-26,-3.5338522604666167,-3.1773300170898295
2023-10-27,-3.429624642994309,-0.7151947021484335
2023-10-30,-3.4962041197338207,-0.8270797729492189
2023-10-31,-3.3570749055199878,0.5273056030273483
2023-11-01,-3.2856347912391666,1.1893539428711009
2023-11-02,-3.4198382478712857,4.635643005371094
2023-11-03,-3.722819455649274,3.4495239257812553
2023-11-06,-3.661290221013714,-0.08985900878904945
2023-11-07,-3.6356078276636765,-2.1043930053710804
2023-11-08,-3.696170133308711,0.8704757690429558
2023-11-09,-3.6602101082913903,0.5237579345703341
2023-11-10,-3.501520077710608,-1.9789886474609508
2023-11-13,-3.555953107116562,2.0369033813476505
2023-11-14,-3.598849555222393,4.261978149414084
2023-11-15,-3.871894652732497,3.4674148559569975
2023-11-16,-4.093795136437996,-3.2101440429687447
2023-11-17,-3.8795703028010373,1.530807495117171
2023-11-20,-3.8046829180431017,0.4824752807617191
2023-11-21,-3.756440232240857,-3.6749420166015323
2023-11-22,-3.6616457083933103,0.5644302368164091
2023-11-23,-3.6493244191953664,-0.28919982910154085
2023-11-24,-3.596514049932221,0.2929992675781296
2023-11-27,-3.774805258083261,-1.3176269531250138
2023-11-28,-3.671362271387262,-1.1437377929687262
2023-11-29,-3.5430119594886147,4.162033081054707
2023-11-30,-3.7385756287489276,-0.8280563354492326
2023-12-01,-3.7332122558174894,1.0567779541015714
2023-12-04,-3.6863941329844283,0.6500854492187531
2023-12-05,-3.6613106237535287,1.9997329711914054
2023-12-06,-3.654569348755796,6.560562133789045
2023-12-07,-3.698696158220691,-1.3990554809570224
2023-12-08,-3.9427565229841885,3.2183532714843817
2023-12-11,-4.066414509760559,1.0337677001953034
2023-12-12,-4.062270002571391,-0.8596954345702961
2023-12-13,-3.9477709800333427,-1.7763671874999838
2023-12-14,-4.029616243438599,3.8134002685546986
2023-12-15,-4.033792330973866,0.6555023193359062
2023-12-18,-4.231335545000732,-2.8293228149413925
2023-12-19,-3.9925557217691527,-0.6804809570312375
2023-12-20,-4.022346595473625,-0.792831420898421
2023-12-21,-4.015779274987326,-1.8707504272460813
2023-12-22,-3.938539465543871,1.0606613159179636
2023-12-27,-3.951521483003161,-0.00614929199219727
2023-12-28,-3.9720333905310947,-0.5196609497070516
2023-12-29,-3.914460800905608,-0.008621215820278194
2024-01-02,-3.8570878334157235,1.8306884765624791
2024-01-03,-4.0377730648915975,-3.781127929687476
2024-01-04,-3.9269563896582182,2.598251342773443
2024-01-05,-3.8994189654511566,0.51196289062499
2024-01-08,-3.9524435761710293,1.1246414184570301
2024-01-09,-3.8397467494285977,-0.912269592285155
2024-01-10,-3.9183424326115905,-0.7872848510742045
2024-01-11,-3.9689331581532032,-1.4080963134765587
2024-01-12,-3.8319203821609635,-2.5319213867187464
2024-01-15,-3.8456950481234213,-1.6222152709960698
2024-01-16,-3.782564786401376,0.04087829589842998
2024-01-17,-3.8319946942105054,-4.918838500976559
2024-01-18,-3.7580850666293832,-0.23580169677734253
2024-01-19,-3.737574934835761,-1.755111694335926
2024-01-22,-3.714791992507735,1.8222808837890518
2024-01-23,-3.757743336783223,5.291320800781251
2024-01-24,-3.9188334703676646,1.9175872802734364
2024-01-25,-3.9422810114750164,-0.8815689086914038
2024-01-26,-3.914844169465916,1.398849487304704
2024-01-29,-4.003773437014047,0.6631240844726551
2024-01-30,-3.902541060337164,0.6705169677734328
2024-01-31,-3.8740783429442085,4.367332458496102
2024-02-01,-4.021265292918222,-1.2171630859374805
2024-02-02,-4.036845567175561,2.2546310424804243
2024-02-05,-4.077003395961183,-1.8846206665038832
2024-02-06,-3.9587095517982833,-0.017959594726562278
2024-02-07,-3.9834625731370146,1.133987426757822
2024-02-08,-4.038170365911659,3.4047470092773287
2024-02-09,-4.130377921932408,-0.10309600830076901
2024-02-12,-4.072854727150516,1.149085998535175
2024-02-13,-4.154460795321112,-2.115066528320295
2024-02-14,-4.161211405514979,-0.47878265380860263
2024-02-15,-4.108025590214682,2.519393920898418
2024-02-16,-4.179332089795147,1.7388763427734768
2024-02-19,-3.9070766565587114,-0.865936279296865
2024-02-20,-4.120197620154752,-2.5423049926757817
2024-02-21,-4.121130949392299,3.5175247192382875
2024-02-22,-4.212465418453516,3.1441040039062353
2024-02-23,-4.153681427168023,2.8537750244140754
2024-02-26,-4.153819779262797,-0.1714019775390795
2024-02-27,-4.023811228762714,1.0985565185546835
2024-02-28,-4.071282935535053,2.884384155273436
2024-02-29,-4.220866543412018,-0.41499328613281655
2024-03-01,-3.9816064433854996,-4.844787597656259
2024-03-04,-4.058414529313083,1.4441299438476674
2024-03-05,-3.9111810454513525,-1.8372573852538843
2024-03-06,-3.9780946643502455,-3.5485534667968723
2024-03-07,-3.7785363244909678,-0.8694305419921708
2024-03-08,-3.7746367516737944,0.12611389160156117
2024-03-11,-3.853697739678569,0.39250183105470243
2024-03-12,-3.9456011217268507,5.767227172851553
2024-03-13,-4.0316696311829965,-7.322380065917961
2024-03-14,-4.373006292378642,-3.6600570678710738
2024-03-15,-3.952685785387193,1.1578216552734257
2024-03-18,-3.7864353304307596,1.6912307739257895
2024-03-19,-3.8748451169605747,2.6326675415039014
2024-03-20,-3.913791333368192,-0.4534149169922028
2024-03-21,-3.8182559446853825,-1.1855392456054745
2024-03-22,-3.9041707670637416,-0.3472290039062415
2024-03-25,-3.88874428594522,3.022308349609361
2024-03-26,-3.9552374461012154,1.917373657226588
2024-03-27,-3.888052737201227,0.07650756835935862
2024-03-28,-3.848121665720422,1.6520080566406437
2024-04-02,-3.9790162208066757,-0.3984756469726367
2024-04-03,-3.9434216860506597,7.032508850097646
2024-04-04,-4.260648448615851,5.1931915283202805
2024-04-05,-4.618792222133465,-3.7880096435546604
2024-04-08,-4.286384461831539,1.7499694824218754
2024-04-09,-4.073306480700808,-1.9756546020507368
2024-04-10,-4.266236621470286,-2.750511169433602
2024-04-11,-4.151964529904222,-0.5104141235351538
2024-04-12,-4.066438972908139,-1.5368728637695415
2024-04-15,-3.975552406363158,-0.168426513671895
2024-04-16,-4.058809774370027,-5.2034606933593555
2024-04-17,-4.187603217100111,-0.09961700439452753
2024-04-18,-3.8805161165492197,1.6744842529296846
2024-04-19,-4.097551557663394,-1.6336669921874771
2024-04-22,-3.9562686197215147,0.08678436279295663
2024-04-23,-4.013636116778879,0.5794677734374818
2024-04-24,-3.9590888116487544,-0.9953918457031051
2024-04-25,-4.065120780453825,-2.4683456420898535
2024-04-26,-3.915383163324632,2.3343276977539094
2024-04-29,-3.9355436557116006,0.9214630126953183
2024-04-30,-3.9292071613503308,-8.746307373046871
2024-05-02,-4.087548333770953,-1.1409759521484055
2024-05-03,-3.933672951472004,1.4893798828125089
2024-05-06,-3.8613100486739436,1.749717712402332
2024-05-07,-4.006243339522564,1.9820938110351842
2024-05-08,-4.087347137809183,-3.4627380371093466
2024-05-09,-3.9028203577253446,0.6203002929687124
2024-05-10,-3.7660791182832014,-0.43519592285154973
2024-05-13,-3.7371185262943425,2.768234252929681
2024-05-14,-3.9602467209025365,3.404960632324233
2024-05-15,-4.312657247956573,-1.3235244750976594
2024-05-16,-3.994780509977083,-1.1550979614257542
2024-05-17,-3.9482121152948526,-0.3740844726562373
2024-05-20,-3.8126640121193986,-2.009124755859411
2024-05-21,-3.8767797936943795,-0.21417236328124012
2024-05-22,-3.8825580123797536,-2.187904357910129
2024-05-23,-3.742328710515161,-0.8025436401367305
2024-05-24,-3.772367569429936,0.5043563842773413
2024-05-27,-3.688174733174741,2.508178710937515
2024-05-28,-3.9407538826789543,2.6115112304687305
2024-05-29,-4.185284506156404,-4.048126220703129
2024-05-30,-4.009338227137168,3.3293914794921853
2024-05-31,-4.22433664107923,1.0193786621093788
2024-06-03,-3.87749843894491,0.028999328613274908
2024-06-04,-3.8163537676666963,-1.9549713134765385
2024-06-05,-3.8761156156077545,-0.5882568359374905
2024-06-06,-3.692293957863198,-0.5339050292968797
2024-06-07,-3.8180443721762427,-1.1010437011718628
2024-06-10,-3.7950837828763224,-0.12068939208985495
2024-06-11,-3.809164291234122,-1.249671936035147
2024-06-12,-3.8461590485235284,-2.363922119140614
2024-06-13,-3.824512782125615,-5.462623596191374
2024-06-14,-4.438621596847382,-2.4630584716796693
2024-06-17,-3.5934554399157967,1.7293777465820075
2024-06-18,-3.5827251646188967,-0.23985290527342412
2024-06-19,-3.6187882032371155,0.5355758666992025
2024-06-20,-3.6798411084847142,0.6456298828125148
2024-06-21,-3.5446873739462266,-2.141532897949216
2024-06-24,-3.715770366590841,3.665374755859383
2024-06-25,-3.8480729112992407,0.8976364135742247
2024-06-26,-3.6551130201936948,-3.805038452148428
2024-06-27,-3.772240259531922,-0.664611816406264
2024-06-28,-3.5129984585611593,1.6259994506836186
2024-07-01,-3.788666895737102,1.3309020996093666
2024-07-02,-3.7240116945547923,-1.3441162109375044
2024-07-03,-3.548329885781374,1.1021194458007755
2024-07-04,-3.6131762537920578,0.7663269042968643
2024-07-05,-3.7487924106934405,-1.140075683593747
2024-07-08,-3.6799280058641743,-0.597206115722645
2024-07-09,-3.669036557052668,0.36266326904297114
2024-07-10,-3.660429405989065,1.3794860839843837
2024-07-11,-3.6492444554013543,2.267539978027348
2024-07-12,-3.765756547998586,2.4330062866211133
2024-07-15,-3.8699349811989716,-2.567520141601568
2024-07-16,-3.675773831575736,-2.064575195312478
2024-07-17,-3.7923396455049594,0.3089294433593636
2024-07-18,-3.828160078586647,2.6159439086914165
2024-07-19,-3.7600612484666645,-3.6221084594726465
2024-07-22,-3.833389107678494,2.3513412475586115
2024-07-23,-3.739156176414579,-1.7920837402343839
2024-07-24,-3.758506408204569,-1.1543502807617256
2024-07-25,-3.6675349008552747,-1.5106277465820015
2024-07-26,-3.6703714898851265,-0.46650695800780506
2024-07-29,-3.666619046701036,-1.3988952636718621
2024-07-30,-3.6846016588437434,-0.06375885009764554
2024-07-31,-3.563889825741957,-1.689315795898422
2024-08-01,-3.7265890590803816,-6.257263183593738
2024-08-02,-3.720469030864246,-3.2581634521484153
2024-08-05,-3.585214291272063,-4.902259826660148
2024-08-06,-3.6289931514614593,-1.0349578857421764
2024-08-07,-3.420061109249601,1.9605331420898504
2024-08-08,-3.5262790337715133,-0.5878372192382784
2024-08-09,-3.4623566990037737,-0.41407012939452337
2024-08-12,-3.3599609642727937,-1.0959167480468728
2024-08-13,-3.3983051734307694,-0.2027816772460832
2024-08-14,-3.4532030803452454,0.382919311523439
2024-08-15,-3.3580070269348097,3.2988891601562393
2024-08-16,-3.757311877773786,0.7908172607421888
2024-08-19,-3.546178385919235,1.905509948730456
2024-08-20,-3.6635586349919067,-0.28209686279295304
2024-08-21,-3.538404198691724,1.2479476928711053
2024-08-22,-3.6076346318992814,-0.2850646972656259
2024-08-23,-3.4300257764661746,1.6268310546875135
2024-08-26,-3.495903640834002,0.11619567871092218
2024-08-27,-3.5314316089001454,0.018554687500014762
2024-08-28,-3.4097023758986467,-1.6643600463867079
2024-08-29,-3.450169378782167,0.15351104736328358
2024-08-30,-3.4722470805753534,-0.0004272460937324307
2024-09-02,-3.4410044346122843,0.48061370849609086
2024-09-03,-3.4941233937562193,-2.587364196777335
2024-09-04,-3.45487938384296,-2.0935745239257684
2024-09-05,-3.5035359691115064,-0.4153366088867134
2024-09-06,-3.287469812333375,-4.638107299804684
2024-09-09,-3.4728168639739216,-0.7564697265624887
2024-09-10,-3.2935563430436776,-11.124885559082024
2024-09-11,-5.647047167632382,2.4990692138671964
2024-09-12,-5.466201951428166,0.9786682128906184
2024-09-13,-5.301171398034112,4.129997253417975
2024-09-16,-5.395854823751201,-1.9786529541015492
2024-09-17,-5.199314963356144,1.542846679687509
2024-09-18,-5.087426623852323,1.799522399902353
2024-09-19,-5.018423652904901,2.6816101074218786
2024-09-20,-5.110230446419529,-5.20523834228515
2024-09-23,-5.220671821944974,3.527870178222648
2024-09-24,-5.10332771626927,3.950019836425777
2024-09-25,-5.304947443195348,-3.4035415649414067
2024-09-26,-5.164743259160221,4.5150375366210955
2024-09-27,-5.471538521827863,4.437011718750009
2024-09-30,-5.718504375871894,-3.6984405517578063
2024-10-01,-5.499899027855552,-3.1112442016601474
2024-10-02,-5.165853376377064,-0.545417785644532
2024-10-03,-5.00473564697441,-2.5082778930664054
2024-10-04,-4.891796414818138,3.7106170654296884
2024-10-07,-5.066165924868348,-0.074203491210937
2024-10-08,-3.7665969162932122,-2.756233215332026
2024-10-09,-4.571833575758804,1.7925033569336033
2024-10-10,-4.599906494428691,-0.8315353393554676
2024-10-11,-4.507971093814678,-1.2662887573242094
2024-10-14,-4.356368110962751,-0.01386260986327903
2024-10-15,-4.1389618583478205,-1.26735687255858
2024-10-16,-4.110716672322106,-1.0189666748046862
2024-10-17,-4.062071963642213,-0.5251464843749893
2024-10-18,-3.8173364470589806,1.504669189453139
2024-10-21,-3.964503975309348,-1.0343170166015556
2024-10-22,-3.972106945305998,0.5852813720703218
2024-10-23,-3.496263964455275,-0.015151977539058836
2024-10-24,-3.6396085292574085,2.6929397583007786
2024-10-25,-3.995118200847697,-1.0370941162109328
2024-10-28,-3.629341741164917,-0.8494491577148426
2024-10-29,-3.609217997730725,-3.915733337402334
2024-10-30,-4.112131658013438,0.08467102050780873
2024-10-31,-3.52569535306551,-1.9445190429687478
2024-11-01,-3.547267162813326,-0.41278839111327637
2024-11-04,-3.404389866885582,0.13537597656249878
2024-11-05,-3.372321343287693,-0.2447662353515564
2024-11-06,-3.316251029539281,-8.062751770019522
2024-11-07,-4.8328951495472605,3.248344421386713
2024-11-08,-3.7619148220091736,-3.66389465332031
2024-11-11,-3.6960106370162764,0.6219482421875
2024-11-12,-3.635917277990718,-1.169914245605461
2024-11-13,-3.533387265558715,-3.1280975341796853
2024-11-14,-3.4166704504528056,2.9636917114257777
2024-11-15,-3.536433116024544,0.8848571777343777
2024-11-18,-3.3842359575916143,0.7215118408203149
2024-11-19,-3.4876448672857765,-0.5780487060546843
2024-11-20,-3.8218959429306234,-1.6758880615234242
2024-11-21,-3.709378042178948,-1.0191650390624862
2024-11-22,-3.4707820874515707,0.3925399780273447
2024-11-25,-3.6226168066234044,1.9860916137695366
2024-11-26,-3.5775308356458964,-2.6168060302734175
2024-11-27,-3.6127359977562583,-0.18848419189452242
2024-11-28,-3.166158908551169,0.28144836425781383
2024-11-29,-3.2282676068656744,1.6308593750000016
2024-12-02,-3.4955733111476572,1.7084732055664194
2024-12-03,-3.295818437355915,-0.35734558105467795
2024-12-04,-3.4715489972606637,2.5129470825195312
2024-12-05,-3.335995854200303,2.420410156249988
2024-12-06,-3.488958569362333,2.8361816406249907
2024-12-09,-3.581454406128522,2.98543548583984
2024-12-10,-3.6383242504519275,1.519828796386715
2024-12-11,-3.7056378484881187,-0.5517883300781233
2024-12-12,-3.6036360292172085,2.1174316406249942
2024-12-13,-3.699657871151414,1.2778167724609384
2024-12-16,-3.7672909437440887,-4.079872131347651
2024-12-17,-4.055535845067878,1.0961456298828125
2024-12-18,-4.007246146674469,0.5778274536132768
2024-12-19,-4.015718392399654,-0.9833450317382754
2024-12-20,-3.539684985937184,1.673118591308584
2024-12-23,-3.7412695924278285,-2.258392333984374
2024-12-27,-3.648614898535847,2.8481369018554767
2024-12-30,-3.6691227544807585,0.9637374877929721
2025-01-02,-3.568353146965675,-2.4110641479492134
2025-01-03,-3.663212080508918,-2.1005935668945246
2025-01-06,-3.5871539462154374,5.7024536132812615
2025-01-07,-4.306484127832205,-0.6104202270507736
2025-01-08,-3.867454191821265,-2.4240264892577996
2025-01-09,-4.180236692050525,-0.820014953613279
2025-01-10,-4.129198845123092,1.435157775878909
2025-01-13,-3.9946885050419887,0.35480499267578924
2025-01-14,-4.006995086284476,0.6916809082031263
2025-01-15,-4.018142522004289,2.375442504882815
2025-01-16,-4.050093752360273,-1.1342926025390554
2025-01-17,-3.8133775195095074,1.2662734985351498
2025-01-20,-3.748944372006249,3.5317077636718874
2025-01-21,-4.0916600421216955,-0.6942367553710844
2025-01-22,-3.740314748597621,-1.3807907104492085
2025-01-23,-3.93334234876291,0.6665496826171903
2025-01-24,-3.957486681301632,1.1633148193359455
2025-01-27,-3.8470868977829964,4.729743957519525
2025-01-28,-4.46541971863044,-2.2754135131835524
2025-01-29,-4.355417032016057,0.19294738769529596
2025-01-30,-4.275264340526963,0.8317489624023522
2025-01-31,-4.285933828888557,-0.44516754150392734
2025-02-03,-4.067964673277342,-5.573913574218752
2025-02-04,-4.382837743188689,0.47377014160155084
2025-02-05,-3.961482752080063,-1.9978485107421888
2025-02-06,-4.027747756329496,3.597610473632802
2025-02-07,-3.897679954960204,-3.2217025756835813
2025-02-10,-4.132735423881266,0.56288909912109
2025-02-11,-3.9661670747582574,-1.071197509765628
2025-02-12,-3.8884441021887532,0.3942337036132721
2025-02-13,-3.816445469780951,10.049949645996103
2025-02-14,-5.372636606875714,2.3864974975586013
2025-02-17,-5.047775866021698,1.2502899169922037
2025-02-18,-5.040005417063771,0.1338958740234369
2025-02-19,-4.939156140983189,-4.486076354980479
2025-02-20,-4.749634388390418,-0.036460876464822184
2025-02-21,-4.822572899042303,1.5582046508789047
2025-02-24,-4.5584127338656995,3.1513442993163925
2025-02-25,-4.583356939187304,5.465797424316435
2025-02-26,-5.021032087486414,2.114677429199224
2025-02-27,-4.845075482205399,-4.67898559570312
2025-02-28,-5.209879434218029,0.07801818847657063
2025-03-03,-4.787716713282459,3.219360351562496
2025-03-04,-5.110434014655789,-8.871902465820316
2025-03-05,-5.531423279404271,6.500526428222646
2025-03-06,-6.411068296591244,7.328025817871085
2025-03-07,-6.770351197483772,-4.642105102539062
2025-03-10,-6.562777557957271,3.811866760253909
2025-03-11,-6.822034177670815,-2.39718627929685
2025-03-12,-6.369839093302167,0.9002075195312668
2025-03-13,-6.271164114532772,-3.9705123901366983
2025-03-14,-6.135977740821781,-0.25563812255860385
2025-03-17,-5.632156297127646,0.6098098754882895
2025-03-18,-5.463232274762276,3.413993835449204
2025-03-19,-5.561999561480836,-3.7538909912109046
2025-03-20,-5.484072606966646,-6.945297241210945
2025-03-21,-6.018914800000531,-1.9306793212890807
2025-03-24,-5.6638993516621055,-0.04690551757811607
2025-03-25,-5.466114760939371,2.608039855957036
2025-03-26,-5.386797650490318,-3.057090759277351
2025-03-27,-5.208858550392226,-3.3238067626953143
2025-03-28,-5.169037606624088,-3.447715759277335
2025-03-31,-5.167302991594241,-5.334045410156228
2025-04-01,-5.284394575935495,1.3366622924804679
2025-04-02,-5.2049358287869545,-0.7168273925781288
2025-04-03,-4.972526540010733,-6.3886032104492045
2025-04-04,-5.158127020687549,-5.30565643310546
2025-04-07,-5.371340353128307,-2.767978668212902
2025-04-08,-5.208117374561294,-0.9155311584472463
2025-04-09,-4.9284002495898465,-4.000778198242177
2025-04-10,-4.851488533847003,2.7937660217285183
2025-04-11,-4.942168527313703,1.3268280029296862
2025-04-14,-4.33375921402454,4.058559417724611
2025-04-15,-5.104048661146739,3.224250793457031
2025-04-16,-5.057205575898796,-0.08998870849608376
2025-04-17,-4.914231450683882,0.4290084838867205
2025-04-22,-4.792386502879363,4.125312805175781
2025-04-23,-4.929541929199804,4.241516113281262
2025-04-24,-5.318717133881652,2.470321655273426
2025-04-25,-5.143310498290447,2.6242599487304896
2025-04-28,-5.134038926306602,0.63814544677733
2025-04-29,-5.106114153348792,-0.3921127319335612
2025-04-30,-4.884221402422817,-4.3391418457031286
2025-05-02,-4.876927554569968,1.5065765380859473
2025-05-05,-4.896643579243375,0.3211059570312492
2025-05-06,-4.615571042372967,-0.752227783203107
2025-05-07,-4.590062236027072,0.8012466430663999
2025-05-08,-4.158395675161077,5.295227050781266
2025-05-09,-5.067124647252278,2.0417480468750058
2025-05-12,-4.9765793843088435,2.9935379028320237
2025-05-13,-5.220552391338245,5.899063110351566
2025-05-14,-5.750374576796883,-1.6886825561523413
2025-05-15,-5.567857918516804,-1.4902038574218812
2025-05-16,-5.574863161027496,-1.5512619018554763
2025-05-19,-5.18212197581412,1.650001525878929
2025-05-20,-5.161559101176796,2.400009155273443
2025-05-21,-5.176436089355487,-0.7600097656249757
2025-05-22,-5.114637419022934,-2.139991760253903
2025-05-23,-4.841559864963531,-5.800003051757796
2025-05-26,-5.283484541411262,3.860000610351557
2025-05-27,-5.260825860954742,-0.7399978637695368
2025-05-28,-5.21663967533694,4.399993896484386
2025-05-29,-5.606694702016425,-1.9799957275390376
2025-05-30,-5.267705809162782,-0.840003967285138
2025-06-02,-5.32524799207214,-3.7600021362304505
2025-06-03,-5.20957803234331,2.0200042724609415
2025-06-04,-5.0592550992728995,-1.080001831054688
2025-06-05,-5.017433167002266,-0.16000366210937977
2025-06-06,-4.9101729329048265,-2.159996032714809
2025-06-09,-4.686385982271936,-0.08000183105467308
2025-06-10,-4.662468766263304,2.2200012207031214
2025-06-11,-4.877430708449993,-1.6599960327148509
2025-06-12,-4.460068161506361,-1.1600036621093959
2025-06-13,-4.377029627051237,-3.4999999999999716
2025-06-16,-4.531052561319333,-0.7799987792968689
2025-06-17,-4.403184821174266,-1.459999084472654
2025-06-18,-4.206334735097594,-1.6600036621093697
2025-06-19,-4.164628562627539,-2.199996948242191
2025-06-20,-4.131316153442978,1.2600021362304679
2025-06-23,-4.163790863082847,-0.04000091552733881
2025-06-24,-4.06649239983728,4.04000091552734
2025-06-25,-4.4188580200974625,-1.1200027465820224
2025-06-26,-4.325093852131223,-1.3000030517578014
2025-06-27,-4.176536693865845,7.299995422363281
2025-06-30,-5.210824644590877,-3.0999908447265527
2025-07-01,-5.1875932701116385,-0.5199966430663964
2025-07-02,-5.001902280567224,5.459999084472631
2025-07-03,-5.066088482895595,-0.5800094604491984
2025-07-04,-5.009116756013361,-1.5800018310546928
2025-07-07,-5.356911910946857,0.3200073242187761
2025-07-08,-5.231543149350951,2.900001525878896
2025-07-09,-5.370099432287212,3.5999984741210787
2025-07-10,-5.300824669268426,4.779998779296895
2025-07-11,-5.239641549367207,0.10000610351559931
2025-07-14,-5.12485525826565,-3.9000091552734215
2025-07-15,-5.13975750858957,2.9400024414062322
2025-07-16,-5.233683500893688,-3.419998168945299
2025-07-17,-5.7550869368473725,-0.7400054931640611
2025-07-18,-5.6057365515037825,-0.5999984741210831
2025-07-21,-5.381106557529914,0.5000000000000006
2025-07-22,-5.288409947609597,-1.1199951171874796
2025-07-23,-4.973038488939768,5.5399932861328045
2025-07-24,-5.497150752987017,3.840011596679675
2025-07-25,-6.592483793404421,6.769989013671886
2025-07-28,-7.06933731669235,-6.509994506835907
2025-07-29,-7.2818949260070385,-1.1800003051757844
2025-07-30,-7.042420041022909,-3.599998474121067
2025-07-31,-6.70681910863038,-2.080001831054682
2025-08-01,-6.507955101761868,-4.739997863769541
2025-08-04,-6.56868343458907,-1.0658141036401503e-14
2025-08-05,-6.19586402586903,2.77999877929686
2025-08-06,-6.284371278459811,1.7599945068359626
2025-08-07,-6.239421296132663,3.820007324218751
2025-08-08,-6.184124331637551,3.19999694824215
2025-08-11,-6.403245734583751,0.5200042724609566
2025-08-12,-6.0529286201737245,2.019996643066399
2025-08-13,-6.253543012989084,1.9800033569335938
2025-08-14,-6.134491376342091,0.19999694824218797
2025-08-15,-6.006536943448964,2.019996643066428
2025-08-18,-5.815046026945447,-1.3600006103515896
2025-08-19,-5.653485229919918,4.120002746582066
2025-08-20,-5.9462639776347075,-0.3199996948242138
2025-08-21,-5.699371336215491,-0.5299987792968652
2025-08-22,-5.416813822841219,2.349998474121098
2025-08-25,-5.754818339888993,-1.2299957275390774
2025-08-26,-5.54056948644568,-0.6600036621093252
2025-08-27,-5.104729736860446,-2.099998474121088
2025-08-28,-4.851457051718185,0.5999984741211083
2025-08-29,-5.154874744390857,-1.3899993896484601
2025-09-01,-5.046794962296471,1.4599990844726745
2025-09-02,-4.6282301396396415,-3.400001525878892
2025-09-03,-4.588589545778332,0.2200012207031261
2025-09-04,-4.702798938222654,0.3799972534179658
2025-09-05,-4.4750329249062855,0.6600036621093803
2025-09-08,-4.630476837542036,2.15999603271485
2025-09-09,-4.860655196091312,-3.7099914550781334
2025-09-10,-5.045386979152024,-1.3700027465820033
2025-09-11,-5.001294157573253,1.6999969482421742
2025-09-12,-4.928957131736693,-1.3199996948242037
2025-09-15,-4.961800005981518,-0.8600006103515648
2025-09-16,-4.827708543090239,-1.9399948120117003
2025-09-17,-4.944912614039821,-0.9999999999999992
2025-09-18,-4.869209784120267,-1.1400070190429625
2025-09-19,-4.671485668481117,-0.3399963378906293
2025-09-22,-4.375656044112795,-6.900001525878923
2025-09-23,-5.6040495162483985,3.200004577636744
2025-09-24,-5.63820076792755,1.0999984741211177
2025-09-25,-5.958404787855745,-0.9000015258789105
2025-09-26,-5.719799584087472,-0.680000305175761
2025-09-29,-5.320489011874877,0.9599990844726454
2025-09-30,-5.064203260901433,0.19999694824218092
2025-10-01,-4.964184369238758,1.2000045776367314
2025-10-02,-4.871948064836194,1.819999694824213
2025-10-03,-4.8051021854360085,-0.8400039672851343
2025-10-06,-4.863941881180479,2.44000244140625
2025-10-07,-5.180008215919729,-1.619995117187496
2025-10-08,-5.202845418839161,-8.94000244140624
2025-10-09,-6.135895116879795,-0.2799987792968646
2025-10-10,-6.098784074733014,-3.659996032714833
2025-10-13,-5.934603244545564,0.5399932861328223
2025-10-14,-5.754244893730157,0.4999999999999868
2025-10-15,-5.55249154839979,0.3999938964844039
2025-10-16,-5.379449207308673,0.4400100708007727
2025-10-17,-5.297056768876193,1.8999938964843972
2025-10-20,-4.876418759814393,1.3600082397460762
2025-10-21,-4.596642504061598,-0.040000915527365066
2025-10-22,-4.519357380808024,-2.959999084472626
2025-10-23,-4.764588786228088,-0.04000854492186562
2025-10-24,-4.681930851251744,1.9400024414062544
2025-10-27,-4.659935940428865,1.199996948242181
2025-10-28,-4.479728998249887,-0.19999694824219805
2025-10-29,-4.4458537008000425,1.4199981689453254
2025-10-30,-4.441668971245001,-2.4800033569336
2025-10-31,-4.624349896982753,-0.6799926757812236
2025-11-03,-4.121188038677389,2.900001525878891
2025-11-04,-4.516317383156669,-2.3600006103515536
2025-11-05,-4.4729977028867705,7.720001220703123
2025-11-06,-5.842875637841257,-2.0800018310546884
2025-11-07,-5.618247208880371,1.4000015258789094
2025-11-10,-5.455334540340448,4.09999084472659
2025-11-11,-5.686251714685102,2.340003967285144
2025-11-12,-5.633849407954268,2.699996948242197
2025-11-13,-5.633329630888353,0.38000488281249917
2025-11-14,-5.0709291179644,-1.6399993896484348
2025-11-17,-5.150503575064581,-3.0400009155273398
2025-11-18,-4.955145501900404,-3.9999999999999734
2025-11-19,-5.139298902452192,0.6199951171874961
2025-11-20,-4.85383337931134,-1.799995422363256
2025-11-21,-4.775741660196152,1.6200027465820321
2025-11-24,-4.727712517629245,2.799995422363299
2025-11-25,-4.838546670020487,2.2399978637695366
2025-11-26,-5.002763990111287,-0.3799972534179519
2025-11-27,-4.803854301922928,0.6200027465820153
2025-11-28,-4.78296495484235,1.339996337890625
2025-12-01,-4.6910462480224675,2.500000000000029
2025-12-02,-4.823536420358828,1.8399963378906221
2025-12-03,-4.7953509920972985,1.2700042724609275
2025-12-04,-4.773366211716194,6.59999847412111
2025-12-05,-5.698437057612556,4.730003356933576
2025-12-08,-6.163825274826395,0.12999725341798452
2025-12-09,-5.87576284511618,0.7799987792968837
2025-12-10,-5.385020903284984,-1.809989929199254
2025-12-11,-5.461822320210706,0.1899948120117404
2025-12-12,-5.716614994834887,2.0899963378906365
2025-12-15,-5.768881894420384,-1.1999969482421726
2025-12-16,-5.3219072361142015,-2.5800018310546653
2025-12-17,-5.246958069613908,-1.9499969482422046
2025-12-18,-5.20666929081425,-0.24999999999999356
2025-12-19,-4.996917597197103,-1.0899963378906314
2025-12-22,-4.948102139924566,-0.6600036621093595
2025-12-23,-4.665252416384025,-0.5999984741210813
2025-12-29,-4.573265667213882,0.18000030517576793
2025-12-30,-4.4583959018443355,0.09999847412110208
2026-01-02,-4.425874069952593,6.079994201660198
2026-01-05,-5.509382792185083,-5.799995422363261
2026-01-06,-5.807951204904443,-0.8300018310546857
2026-01-07,-5.243732636973073,-0.8800048828124614
2026-01-08,-5.226745173706146,-0.8599929809570599
2026-01-09,-5.281491405361096,1.4699935913086026
2026-01-12,-5.151590863631864,-2.889991760253891
2026-01-13,-5.1757629855286815,-2.420005798339848
2026-01-14,-5.037618001726585,4.000000000000002
2026-01-15,-5.4272857725444785,-1.629997253417998
2026-01-16,-5.116113790414964,-2.809997558593734
2026-01-19,-4.99610535703713,-5.840003967285146
2026-01-20,-5.493454476943047,-0.8399963378906209
2026-01-21,-5.335821240215962,2.159996032714841
2026-01-22,-5.299927567624831,7.620002746582008
2026-01-23,-5.94363536469578,-0.09999847412107227
2026-01-26,-6.432519026451177,-1.489997863769518
2026-01-27,-5.528648463315575,-2.529998779296859
2026-01-28,-5.423490628883977,0.7499923706054643
2026-01-29,-5.806987565862867,0.8200073242187387
2026-01-30,-5.224434753903822,-0.6000061035156206
2026-02-02,-5.584507322945322,0.6800003051757797
2026-02-03,-5.530276931300305,-0.8600006103515512
2026-02-04,-5.091623845041931,7.150001525878899
2026-02-05,-6.004110001298015,-5.9999999999999964
2026-02-06,-6.218882268632484,-1.8499984741210698
2026-02-09,-5.964346727833431,-0.05000305175780906
2026-02-10,-5.835379715817175,4.6900024414062464
2026-02-11,-5.498607983819036,-0.819999694824214
2026-02-12,-6.073171546637667,-2.9899978637695312
2026-02-13,-5.8632785933401586,1.979995727539081
2026-02-16,-5.728712219860653,-0.21999359130860885
2026-02-17,-5.5820220874486175,2.729988098144581
2026-02-18,-5.435011308859983,1.3900070190429323
2026-02-19,-5.382696900201896,-3.2200012207031286
2026-02-20,-5.284300480282762,0.13999938964845937
2026-02-23,-5.0846305459168635,-5.220001220703117
2026-02-24,-5.441268258886313,2.4800033569335964
2026-02-25,-5.558143233787294,-2.0199966430664107
2026-02-26,-5.016062097852301,2.3299942016601682
2026-02-27,-5.418555057538936,0.2699966430664473
2026-03-02,-5.136896295043369,-8.91999816894533
2026-03-03,-6.046372478270089,-5.639999389648446
2026-03-04,-5.354246054452511,0.9800033569335914
2026-03-05,-5.33859922245859,-2.8600006103515594
2026-03-06,-5.239101347813235,-4.43999481201169
2026-03-09,-5.201347893823101,-3.2000045776367045
2026-03-10,-4.991360922083909,4.120002746582023
2026-03-11,-5.281655035748168,1.8399963378906394
2026-03-12,-5.69061867293443,1.5199966430663956
2026-03-13,-5.586561294571797,-3.2599945068359206
2026-03-16,-5.640505912233062,-3.6399993896484393
2026-03-17,-5.48892115855264,0.8399963378906274
2026-03-18,-5.383280268599989,-0.5600051879882864
2026-03-19,-5.195320124611449,-5.419998168945309
2026-03-20,-5.435621049938426,-0.8799972534179575
2026-03-23,-5.100426683673424,2.799995422363282
2026-03-24,-5.269298172355945,0.5600051879882759
2026-03-25,-5.05349392788575,2.0599975585937558
2026-03-26,-5.009118811544942,-1.4999999999999836
2026-03-27,-4.7978266977629245,-0.7999954223632766
2026-03-30,-4.360095508944464,0.1399917602539103
2026-03-31,-4.3359421081787275,7.6293945243527395e-06
2026-04-01,-4.157520904645808,3.1199951171875
2026-04-02,-4.583154641546992,-0.9799957275390616
2026-04-07,-4.340565154610938,-2.639999389648414
2026-04-08,-4.541511106426461,9.180000305175781
2026-04-09,-5.312598793828449,-1.5200042724609284
2026-04-10,-5.46544259667818,1.3199996948242334
2026-04-13,-5.7527065129635,-1.1800003051757717
2026-04-14,-5.229676883815707,1.3600006103515834
2026-04-15,-5.370067355162019,-0.2600021362304647
2026-04-16,-5.550893683218058,-2.3599929809570286
2026-04-17,-4.84138116402568,6.479995727539077
2026-04-20,-5.618596660500835,-2.9399948120117343
2026-04-21,-5.63271327358953,-0.519996643066408
2026-04-22,-5.310615817362992,-2.840011596679691
2026-04-23,-5.255110607769589,-1.1799926757812482
2026-04-24,-5.282682907768609,-3.4200057983398358
2026-04-27,-5.169801519270737,0.4200057983398522
2026-04-28,-4.656271093406092,-0.45999908447266363
2026-04-29,-4.554646914185101,-2.940002441406233
2026-04-30,-4.848278656406526,1.0999984741210882
